Date,Reasons_for_high_or_low_prediction,Type_of_Day,Actual_New,Actual_Review,Actual_Total,Month_Number,Month_Name,Year,Day,Day_Of_Week
2019-01-01,New year,2.0,70,78,148,1,January,2019,1,1
2019-01-02,,0.0,135,201,336,1,January,2019,2,2
2019-01-03,,0.0,167,273,440,1,January,2019,3,3
2019-01-04,,0.0,140,215,355,1,January,2019,4,4
2019-01-05,Amavasai,1.0,150,190,340,1,January,2019,5,5
2019-01-06,,0.0,6,1,7,1,January,2019,6,6
2019-01-07,,0.0,192,225,417,1,January,2019,7,0
2019-01-08,,0.0,135,234,369,1,January,2019,8,1
2019-01-09,,0.0,118,170,288,1,January,2019,9,2
2019-01-10,,0.0,107,189,296,1,January,2019,10,3
2019-01-11,,0.0,99,183,282,1,January,2019,11,4
2019-01-12,,0.0,156,232,388,1,January,2019,12,5
2019-01-13,,0.0,5,2,7,1,January,2019,13,6
2019-01-14,Bogi,3.0,165,209,374,1,January,2019,14,0
2019-01-15,Thai pongal,3.0,53,26,79,1,January,2019,15,1
2019-01-16,Mattu pongal,3.0,165,137,302,1,January,2019,16,2
2019-01-17,,0.0,148,114,262,1,January,2019,17,3
2019-01-18,,0.0,235,262,497,1,January,2019,18,4
2019-01-19,,0.0,210,272,482,1,January,2019,19,5
2019-01-20,,0.0,2,2,4,1,January,2019,20,6
2019-01-21,,0.0,187,236,423,1,January,2019,21,0
2019-01-22,,0.0,151,234,385,1,January,2019,22,1
2019-01-23,,0.0,180,242,422,1,January,2019,23,2
2019-01-24,,0.0,156,238,394,1,January,2019,24,3
2019-01-25,,0.0,129,229,358,1,January,2019,25,4
2019-01-26,Republic day,2.0,222,266,488,1,January,2019,26,5
2019-01-27,,0.0,4,2,6,1,January,2019,27,6
2019-01-28,Ashtami,1.0,208,220,428,1,January,2019,28,0
2019-01-29,,0.0,165,260,425,1,January,2019,29,1
2019-01-30,Navami,1.0,144,217,361,1,January,2019,30,2
2019-01-31,,0.0,176,217,393,1,January,2019,31,3
2019-02-01,SUBHA MUHOORTHAM,1.0,138,204,342,2,February,2019,1,4
2019-02-02,,0.0,195,287,482,2,February,2019,2,5
2019-02-03,,0.0,12,9,21,2,February,2019,3,6
2019-02-04,AMMAVASAI,1.0,192,263,455,2,February,2019,4,0
2019-02-05,,0.0,169,255,424,2,February,2019,5,1
2019-02-06,,0.0,176,273,449,2,February,2019,6,2
2019-02-07,,0.0,159,306,465,2,February,2019,7,3
2019-02-08,,0.0,190,271,461,2,February,2019,8,4
2019-02-09,,0.0,237,314,551,2,February,2019,9,5
2019-02-10,,0.0,10,18,28,2,February,2019,10,6
2019-02-11,ASHTAMI,1.0,245,236,481,2,February,2019,11,0
2019-02-12,NAVAMI,1.0,172,236,408,2,February,2019,12,1
2019-02-13,,0.0,193,262,455,2,February,2019,13,2
2019-02-14,SUBHA MUHOORTHAM,1.0,160,263,423,2,February,2019,14,3
2019-02-15,SUBHA MUHOORTHAM,1.0,118,215,333,2,February,2019,15,4
2019-02-16,,0.0,190,268,458,2,February,2019,16,5
2019-02-17,,0.0,5,18,23,2,February,2019,17,6
2019-02-18,SUBHA MUHOORTHAM,1.0,217,231,448,2,February,2019,18,0
2019-02-19,,0.0,164,247,411,2,February,2019,19,1
2019-02-20,,0.0,159,295,454,2,February,2019,20,2
2019-02-21,,0.0,177,304,481,2,February,2019,21,3
2019-02-22,SUBHA MUHOORTHAM,1.0,166,232,398,2,February,2019,22,4
2019-02-23,,0.0,236,266,502,2,February,2019,23,5
2019-02-24,SUBHA MUHOORTHAM,1.0,9,16,25,2,February,2019,24,6
2019-02-25,ASHTAMI,1.0,255,262,517,2,February,2019,25,0
2019-02-26,NAVAMI,1.0,173,251,424,2,February,2019,26,1
2019-02-27,SUBHA MUHOORTHAM,1.0,162,269,431,2,February,2019,27,2
2019-02-28,,0.0,140,257,397,2,February,2019,28,3
2019-03-01,,0.0,166,234,400,3,March,2019,1,4
2019-03-02,,0.0,219,262,481,3,March,2019,2,5
2019-03-03,,0.0,5,18,23,3,March,2019,3,6
2019-03-04,,0.0,211,217,428,3,March,2019,4,0
2019-03-05,,0.0,130,223,353,3,March,2019,5,1
2019-03-06,,0.0,169,251,420,3,March,2019,6,2
2019-03-07,,0.0,132,248,380,3,March,2019,7,3
2019-03-08,,0.0,143,224,367,3,March,2019,8,4
2019-03-09,,0.0,210,295,505,3,March,2019,9,5
2019-03-10,,0.0,10,20,30,3,March,2019,10,6
2019-03-11,,0.0,183,242,425,3,March,2019,11,0
2019-03-12,,0.0,166,244,410,3,March,2019,12,1
2019-03-13,,0.0,152,244,396,3,March,2019,13,2
2019-03-14,,0.0,167,294,461,3,March,2019,14,3
2019-03-15,,0.0,140,273,413,3,March,2019,15,4
2019-03-16,,0.0,182,280,462,3,March,2019,16,5
2019-03-17,,0.0,10,18,28,3,March,2019,17,6
2019-03-18,,0.0,238,279,517,3,March,2019,18,0
2019-03-19,,0.0,202,240,442,3,March,2019,19,1
2019-03-20,,0.0,161,287,448,3,March,2019,20,2
2019-03-21,,0.0,135,288,423,3,March,2019,21,3
2019-03-22,,0.0,200,270,470,3,March,2019,22,4
2019-03-23,,0.0,214,308,522,3,March,2019,23,5
2019-03-24,,0.0,11,18,29,3,March,2019,24,6
2019-03-25,,0.0,220,251,471,3,March,2019,25,0
2019-03-26,,0.0,173,252,425,3,March,2019,26,1
2019-03-27,,0.0,182,309,491,3,March,2019,27,2
2019-03-28,,0.0,177,301,478,3,March,2019,28,3
2019-03-29,,0.0,151,252,403,3,March,2019,29,4
2019-03-30,,0.0,171,251,422,3,March,2019,30,5
2019-03-31,,0.0,7,18,25,3,March,2019,31,6
2019-04-01,Subhahoortham,1.0,229,251,480,4,April,2019,1,0
2019-04-02,,0.0,162,253,415,4,April,2019,2,1
2019-04-03,,0.0,153,240,393,4,April,2019,3,2
2019-04-04,AMMAVASAI,1.0,160,255,415,4,April,2019,4,3
2019-04-05,,0.0,159,239,398,4,April,2019,5,4
2019-04-06,,0.0,233,273,506,4,April,2019,6,5
2019-04-07,,0.0,5,26,31,4,April,2019,7,6
2019-04-08,,0.0,204,274,478,4,April,2019,8,0
2019-04-09,,0.0,168,253,421,4,April,2019,9,1
2019-04-10,Subhahoortham,1.0,129,198,327,4,April,2019,10,2
2019-04-11,,0.0,159,287,446,4,April,2019,11,3
2019-04-12,Subhahoortham.astami,1.0,112,244,356,4,April,2019,12,4
2019-04-13,navami,1.0,158,252,410,4,April,2019,13,5
2019-04-14,,0.0,12,20,32,4,April,2019,14,6
2019-04-15,,0.0,200,283,483,4,April,2019,15,0
2019-04-16,,0.0,139,257,396,4,April,2019,16,1
2019-04-17,Subhahoortham,1.0,151,232,383,4,April,2019,17,2
2019-04-18,Election,2.0,124,113,237,4,April,2019,18,3
2019-04-19,Good Friday,2.0,247,267,514,4,April,2019,19,4
2019-04-20,,0.0,200,258,458,4,April,2019,20,5
2019-04-21,,0.0,15,25,0,4,April,2019,21,6
2019-04-22,Subhahoortham,1.0,252,287,539,4,April,2019,22,0
2019-04-23,,0.0,191,341,532,4,April,2019,23,1
2019-04-24,,0.0,198,313,511,4,April,2019,24,2
2019-04-25,,0.0,183,312,495,4,April,2019,25,3
2019-04-26,Subhahoortham,1.0,182,300,482,4,April,2019,26,4
2019-04-27,,0.0,189,291,480,4,April,2019,27,5
2019-04-28,,0.0,9,26,35,4,April,2019,28,6
2019-04-29,Subhahoortham,1.0,226,306,532,4,April,2019,29,0
2019-04-30,,0.0,192,297,489,4,April,2019,30,1
2019-05-01,,0.0,240,329,569,5,May,2019,1,2
2019-05-02,Suba muhoortham,1.0,201,331,532,5,May,2019,2,3
2019-05-03,,0.0,209,294,503,5,May,2019,3,4
2019-05-04,Ammavasai,1.0,190,272,462,5,May,2019,4,5
2019-05-05,,0.0,9,22,31,5,May,2019,5,6
2019-05-06,,0.0,245,324,569,5,May,2019,6,0
2019-05-07,Atchayathiruthi,1.0,175,266,441,5,May,2019,7,1
2019-05-08,Suba muhoortham,1.0,187,327,514,5,May,2019,8,2
2019-05-09,,0.0,207,327,534,5,May,2019,9,3
2019-05-10,,0.0,176,255,431,5,May,2019,10,4
2019-05-11,,0.0,194,247,441,5,May,2019,11,5
2019-05-12,,0.0,19,38,57,5,May,2019,12,6
2019-05-13,Navami,1.0,291,330,621,5,May,2019,13,0
2019-05-14,,0.0,224,337,561,5,May,2019,14,1
2019-05-15,,0.0,201,333,534,5,May,2019,15,2
2019-05-16,Suba muhoortham,1.0,180,336,516,5,May,2019,16,3
2019-05-17,Suba muhoortham,1.0,184,259,443,5,May,2019,17,4
2019-05-18,Powurnami,1.0,198,271,469,5,May,2019,18,5
2019-05-19,,0.0,11,25,36,5,May,2019,19,6
2019-05-20,,0.0,277,308,585,5,May,2019,20,0
2019-05-21,,0.0,211,320,531,5,May,2019,21,1
2019-05-22,,0.0,222,333,555,5,May,2019,22,2
2019-05-23,,0.0,132,285,417,5,May,2019,23,3
2019-05-24,,0.0,196,281,477,5,May,2019,24,4
2019-05-25,,0.0,226,252,478,5,May,2019,25,5
2019-05-26,,0.0,11,24,35,5,May,2019,26,6
2019-05-27,Navami,1.0,278,306,584,5,May,2019,27,0
2019-05-28,,0.0,208,281,489,5,May,2019,28,1
2019-05-29,Suba muhoortham,1.0,199,251,450,5,May,2019,29,2
2019-05-30,,0.0,204,287,491,5,May,2019,30,3
2019-05-31,,0.0,177,264,441,5,May,2019,31,4
2019-06-01,,0.0,180,265,445,6,June,2019,1,5
2019-06-02,,0.0,6,16,22,6,June,2019,2,6
2019-06-03,Ammavasai,1.0,215,239,454,6,June,2019,3,0
2019-06-04,,0.0,150,238,388,6,June,2019,4,1
2019-06-05,Ramzan,3.0,229,278,507,6,June,2019,5,2
2019-06-06,Suba muhoortham,1.0,143,217,360,6,June,2019,6,3
2019-06-07,,0.0,154,254,408,6,June,2019,7,4
2019-06-08,,0.0,242,275,517,6,June,2019,8,5
2019-06-09,,0.0,2,13,15,6,June,2019,9,6
2019-06-10,Ashtami,1.0,210,287,497,6,June,2019,10,0
2019-06-11,Navami,1.0,199,321,520,6,June,2019,11,1
2019-06-12,,0.0,181,294,475,6,June,2019,12,2
2019-06-13,Suba muhoortham,1.0,144,253,397,6,June,2019,13,3
2019-06-14,Suba muhoortham,1.0,152,227,379,6,June,2019,14,4
2019-06-15,,0.0,242,311,553,6,June,2019,15,5
2019-06-16,,0.0,7,25,32,6,June,2019,16,6
2019-06-17,"Pournami,Hospital strike",1.0,15,9,24,6,June,2019,17,0
2019-06-18,,0.0,300,393,693,6,June,2019,18,1
2019-06-19,,0.0,254,333,587,6,June,2019,19,2
2019-06-20,Suba muhoortham,1.0,198,327,525,6,June,2019,20,3
2019-06-21,,0.0,184,269,453,6,June,2019,21,4
2019-06-22,,0.0,286,360,646,6,June,2019,22,5
2019-06-23,,0.0,5,44,49,6,June,2019,23,6
2019-06-24,,0.0,265,252,517,6,June,2019,24,0
2019-06-25,Ashtami,1.0,196,287,483,6,June,2019,25,1
2019-06-26,Navami,1.0,179,321,500,6,June,2019,26,2
2019-06-27,,0.0,190,288,478,6,June,2019,27,3
2019-06-28,,0.0,182,278,460,6,June,2019,28,4
2019-06-29,,0.0,257,327,584,6,June,2019,29,5
2019-06-30,,0.0,8,26,34,6,June,2019,30,6
2019-07-01,,0.0,268,298,566,7,July,2019,1,0
2019-07-02,Ammavasai,1.0,204,255,459,7,July,2019,2,1
2019-07-03,,0.0,192,242,434,7,July,2019,3,2
2019-07-04,Subhamuhoortham,1.0,205,274,479,7,July,2019,4,3
2019-07-05,,0.0,196,256,452,7,July,2019,5,4
2019-07-06,,0.0,288,333,621,7,July,2019,6,5
2019-07-07,,0.0,10,21,31,7,July,2019,7,6
2019-07-08,Subhamuhoortham,1.0,264,265,529,7,July,2019,8,0
2019-07-09,Ashtami,1.0,236,268,504,7,July,2019,9,1
2019-07-10,Navami,1.0,185,291,476,7,July,2019,10,2
2019-07-11,Subhamuhoortham,1.0,191,292,483,7,July,2019,11,3
2019-07-12,,0.0,196,292,488,7,July,2019,12,4
2019-07-13,,0.0,304,392,696,7,July,2019,13,5
2019-07-14,,0.0,7,50,57,7,July,2019,14,6
2019-07-15,Subhamuhoortham,1.0,232,254,486,7,July,2019,15,0
2019-07-16,,0.0,195,255,450,7,July,2019,16,1
2019-07-17,Adi 1st,1.0,152,230,382,7,July,2019,17,2
2019-07-18,,0.0,202,303,505,7,July,2019,18,3
2019-07-19,,0.0,162,260,422,7,July,2019,19,4
2019-07-20,,0.0,216,303,519,7,July,2019,20,5
2019-07-21,,0.0,12,28,40,7,July,2019,21,6
2019-07-22,,0.0,256,249,505,7,July,2019,22,0
2019-07-23,,0.0,214,264,478,7,July,2019,23,1
2019-07-24,,0.0,219,275,494,7,July,2019,24,2
2019-07-25,Ashtami,1.0,195,279,474,7,July,2019,25,3
2019-07-26,Navami,1.0,152,279,431,7,July,2019,26,4
2019-07-27,,0.0,225,299,524,7,July,2019,27,5
2019-07-28,,0.0,8,17,25,7,July,2019,28,6
2019-07-29,,0.0,208,240,448,7,July,2019,29,0
2019-07-30,,0.0,157,214,371,7,July,2019,30,1
2019-07-31,"Ammavasai,Hospital strike",1.0,142,161,303,7,July,2019,31,2
2019-08-01,,0.0,127,211,338,8,August,2019,1,3
2019-08-02,,0.0,152,229,381,8,August,2019,2,4
2019-08-03,,0.0,158,211,369,8,August,2019,3,5
2019-08-04,,0.0,8,7,15,8,August,2019,4,6
2019-08-05,,0.0,220,256,476,8,August,2019,5,0
2019-08-06,,0.0,162,222,384,8,August,2019,6,1
2019-08-07,,0.0,189,241,430,8,August,2019,7,2
2019-08-08,,0.0,229,280,509,8,August,2019,8,3
2019-08-09,,0.0,196,242,438,8,August,2019,9,4
2019-08-10,,0.0,246,291,537,8,August,2019,10,5
2019-08-11,,0.0,11,23,34,8,August,2019,11,6
2019-08-12,Pkreeth,1.0,364,325,689,8,August,2019,12,0
2019-08-13,,0.0,175,302,477,8,August,2019,13,1
2019-08-14,,0.0,132,254,386,8,August,2019,14,2
2019-08-15,Independence day,2.0,230,286,516,8,August,2019,15,3
2019-08-16,,0.0,199,303,502,8,August,2019,16,4
2019-08-17,,0.0,161,254,415,8,August,2019,17,5
2019-08-18,,0.0,11,20,31,8,August,2019,18,6
2019-08-19,,0.0,225,235,460,8,August,2019,19,0
2019-08-20,,0.0,166,235,401,8,August,2019,20,1
2019-08-21,,0.0,194,270,464,8,August,2019,21,2
2019-08-22,,0.0,148,258,406,8,August,2019,22,3
2019-08-23,Krishna jayanthi,2.0,222,263,485,8,August,2019,23,4
2019-08-24,,0.0,207,277,484,8,August,2019,24,5
2019-08-25,,0.0,15,13,28,8,August,2019,25,6
2019-08-26,,0.0,248,214,462,8,August,2019,26,0
2019-08-27,,0.0,172,257,429,8,August,2019,27,1
2019-08-28,Subhamuhoortham,1.0,160,220,380,8,August,2019,28,2
2019-08-29,,0.0,140,240,380,8,August,2019,29,3
2019-08-30,,0.0,143,216,359,8,August,2019,30,4
2019-08-31,,0.0,142,223,365,8,August,2019,31,5
2019-09-01,,0.0,9,20,29,9,September,2019,1,6
2019-09-02,Vinayagar sathurthi,1.0,186,189,375,9,September,2019,2,0
2019-09-03,,0.0,159,195,354,9,September,2019,3,1
2019-09-04,SUBHA MUHOORTHAM,1.0,129,211,340,9,September,2019,4,2
2019-09-05,AMMAVASAI,1.0,154,266,420,9,September,2019,5,3
2019-09-06,,0.0,131,261,392,9,September,2019,6,4
2019-09-07,,0.0,151,210,361,9,September,2019,7,5
2019-09-08,,0.0,5,14,19,9,September,2019,8,6
2019-09-09,,0.0,208,238,446,9,September,2019,9,0
2019-09-10,,0.0,146,209,355,9,September,2019,10,1
2019-09-11,Moharam,2.0,213,297,510,9,September,2019,11,2
2019-09-12,SUBHA MUHOORTHAM,1.0,119,199,318,9,September,2019,12,3
2019-09-13,,0.0,162,250,412,9,September,2019,13,4
2019-09-14,,0.0,217,277,494,9,September,2019,14,5
2019-09-15,,0.0,5,24,29,9,September,2019,15,6
2019-09-16,,0.0,207,221,428,9,September,2019,16,0
2019-09-17,,0.0,180,249,429,9,September,2019,17,1
2019-09-18,,0.0,195,269,464,9,September,2019,18,2
2019-09-19,,0.0,145,274,419,9,September,2019,19,3
2019-09-20,,0.0,151,244,395,9,September,2019,20,4
2019-09-21,,0.0,160,248,408,9,September,2019,21,5
2019-09-22,,0.0,18,17,35,9,September,2019,22,6
2019-09-23,,0.0,232,274,506,9,September,2019,23,0
2019-09-24,,0.0,221,297,518,9,September,2019,24,1
2019-09-25,,0.0,175,283,458,9,September,2019,25,2
2019-09-26,,0.0,175,313,488,9,September,2019,26,3
2019-09-27,,0.0,152,286,438,9,September,2019,27,4
2019-09-28,AMMAVASAI,1.0,160,230,390,9,September,2019,28,5
2019-09-29,,0.0,5,17,22,9,September,2019,29,6
2019-09-30,,0.0,216,261,477,9,September,2019,30,0
2019-10-01,,0.0,214,265,479,10,October,2019,1,1
2019-10-02,GANDHI JAYANTHI,2.0,283,265,548,10,October,2019,2,2
2019-10-03,,0.0,160,236,396,10,October,2019,3,3
2019-10-04,,0.0,141,254,395,10,October,2019,4,4
2019-10-05,,0.0,133,236,369,10,October,2019,5,5
2019-10-06,,0.0,16,18,34,10,October,2019,6,6
2019-10-07,SARASHWATHI POOJA,3.0,167,147,314,10,October,2019,7,0
2019-10-08,VIJAYADASAMI,3.0,229,248,477,10,October,2019,8,1
2019-10-09,,0.0,169,256,425,10,October,2019,9,2
2019-10-10,,0.0,162,256,418,10,October,2019,10,3
2019-10-11,,0.0,150,283,433,10,October,2019,11,4
2019-10-12,,0.0,158,236,394,10,October,2019,12,5
2019-10-13,,0.0,10,15,25,10,October,2019,13,6
2019-10-14,SUBHAMUHOORTHAM,1.0,190,191,381,10,October,2019,14,0
2019-10-15,,0.0,173,235,408,10,October,2019,15,1
2019-10-16,,0.0,150,216,366,10,October,2019,16,2
2019-10-17,,0.0,117,242,359,10,October,2019,17,3
2019-10-18,,0.0,138,234,372,10,October,2019,18,4
2019-10-19,,0.0,154,197,351,10,October,2019,19,5
2019-10-20,,0.0,8,14,22,10,October,2019,20,6
2019-10-21,,0.0,156,184,340,10,October,2019,21,0
2019-10-22,,0.0,124,197,321,10,October,2019,22,1
2019-10-23,,0.0,125,171,296,10,October,2019,23,2
2019-10-24,SUBHAMUHOORTHAM,1.0,116,196,312,10,October,2019,24,3
2019-10-25,,0.0,78,150,228,10,October,2019,25,4
2019-10-26,,0.0,115,168,283,10,October,2019,26,5
2019-10-27,DIWALI,2.0,21,3,24,10,October,2019,27,6
2019-10-28,,0.0,270,229,499,10,October,2019,28,0
2019-10-29,,0.0,244,236,480,10,October,2019,29,1
2019-10-30,DEVAR JAYANTHI,2.0,227,209,436,10,October,2019,30,2
2019-10-31,,0.0,186,208,394,10,October,2019,31,3
2019-11-01,SUBHAMUHOORTHAM,1.0,168,238,406,11,November,2019,1,4
2019-11-02,KANDA SASHTI,1.0,194,246,440,11,November,2019,2,5
2019-11-03,,0.0,6,13,19,11,November,2019,3,6
2019-11-04,NAVAMI,1.0,215,246,461,11,November,2019,4,0
2019-11-05,,0.0,182,256,438,11,November,2019,5,1
2019-11-06,,0.0,223,247,470,11,November,2019,6,2
2019-11-07,,0.0,191,234,425,11,November,2019,7,3
2019-11-08,,0.0,165,222,387,11,November,2019,8,4
2019-11-09,,0.0,172,226,398,11,November,2019,9,5
2019-11-10,MILADINABI,2.0,9,12,21,11,November,2019,10,6
2019-11-11,,0.0,240,203,443,11,November,2019,11,0
2019-11-12,POWRNAMI,1.0,183,253,436,11,November,2019,12,1
2019-11-13,,0.0,182,215,397,11,November,2019,13,2
2019-11-14,CHILDRENS DAY,2.0,172,243,415,11,November,2019,14,3
2019-11-15,SUBHAMUHOORTHAM,1.0,166,219,385,11,November,2019,15,4
2019-11-16,,0.0,187,265,452,11,November,2019,16,5
2019-11-17,,0.0,6,29,35,11,November,2019,17,6
2019-11-18,ASHTAMI,1.0,249,257,506,11,November,2019,18,0
2019-11-19,NAVAMI,1.0,189,268,457,11,November,2019,19,1
2019-11-20,,0.0,207,271,478,11,November,2019,20,2
2019-11-21,,0.0,173,300,473,11,November,2019,21,3
2019-11-22,SUBHAMUHOORTHAM,1.0,177,249,426,11,November,2019,22,4
2019-11-23,,0.0,222,337,559,11,November,2019,23,5
2019-11-24,,0.0,9,32,41,11,November,2019,24,6
2019-11-25,,0.0,248,238,486,11,November,2019,25,0
2019-11-26,AMMAVASAI,1.0,180,229,409,11,November,2019,26,1
2019-11-27,,0.0,171,248,419,11,November,2019,27,2
2019-11-28,,0.0,177,240,417,11,November,2019,28,3
2019-11-29,,0.0,172,256,428,11,November,2019,29,4
2019-11-30,,0.0,154,243,397,11,November,2019,30,5
2019-12-01,SUBHAMUHOORTHAM,1.0,7,22,29,12,December,2019,1,6
2019-12-02,ASHTAMI,1.0,223,202,425,12,December,2019,2,0
2019-12-03,NAVAMI,1.0,158,218,376,12,December,2019,3,1
2019-12-04,,0.0,177,247,424,12,December,2019,4,2
2019-12-05,,0.0,178,267,445,12,December,2019,5,3
2019-12-06,SUBHAMUHOORTHAM,1.0,123,188,311,12,December,2019,6,4
2019-12-07,,0.0,187,224,411,12,December,2019,7,5
2019-12-08,,0.0,9,21,30,12,December,2019,8,6
2019-12-09,,0.0,199,237,436,12,December,2019,9,0
2019-12-10,DEEPAM,1.0,163,208,371,12,December,2019,10,1
2019-12-11,SUBHAMUHOORTHAM,1.0,216,257,473,12,December,2019,11,2
2019-12-12,,0.0,157,310,467,12,December,2019,12,3
2019-12-13,,0.0,198,324,522,12,December,2019,13,4
2019-12-14,,0.0,210,303,513,12,December,2019,14,5
2019-12-15,,0.0,7,18,25,12,December,2019,15,6
2019-12-16,,0.0,207,222,429,12,December,2019,16,0
2019-12-17,,0.0,183,298,481,12,December,2019,17,1
2019-12-18,ASHTAMI,1.0,165,269,434,12,December,2019,18,2
2019-12-19,NAVAMI,1.0,178,286,464,12,December,2019,19,3
2019-12-20,,0.0,134,263,397,12,December,2019,20,4
2019-12-21,,0.0,183,292,475,12,December,2019,21,5
2019-12-22,SUBHAMUHOORTHAM,1.0,8,31,39,12,December,2019,22,6
2019-12-23,,0.0,220,267,487,12,December,2019,23,0
2019-12-24,,0.0,224,315,539,12,December,2019,24,1
2019-12-25,"Ammavasai, Christmas",1.0,180,247,427,12,December,2019,25,2
2019-12-26,,0.0,139,213,352,12,December,2019,26,3
2019-12-27,,0.0,245,293,538,12,December,2019,27,4
2019-12-28,,0.0,239,262,501,12,December,2019,28,5
2019-12-29,,0.0,9,16,25,12,December,2019,29,6
2019-12-30,,0.0,305,310,615,12,December,2019,30,0
2019-12-31,,0.0,238,320,558,12,December,2019,31,1
2022-01-01,New year,2.0,70,139,209,1,January,2022,1,5
2022-01-02,Ammavasai,1.0,11,20,31,1,January,2022,2,6
2022-01-03,,0.0,163,245,408,1,January,2022,3,0
2022-01-04,,0.0,151,269,420,1,January,2022,4,1
2022-01-05,,1.0,140,264,404,1,January,2022,5,2
2022-01-06,,0.0,147,297,397,1,January,2022,6,3
2022-01-07,,0.0,134,269,403,1,January,2022,7,4
2022-01-08,Sashti,1.0,156,262,418,1,January,2022,8,5
2022-01-09,,0.0,7,31,38,1,January,2022,9,6
2022-01-10,Ashtami,1.0,152,195,347,1,January,2022,10,0
2022-01-11,Navami,1.0,91,237,328,1,January,2022,11,1
2022-01-12,,0.0,113,186,277,1,January,2022,12,2
2022-01-13,Bogi.Ammavasai,0.0,81,153,234,1,January,2022,13,3
2022-01-14,Thaipongal,3.0,98,59,157,1,January,2022,14,4
2022-01-15,Mattupongal,3.0,112,129,241,1,January,2022,15,5
2022-01-16,Uzhavarthirunal,3.0,8,1,9,1,January,2022,16,6
2022-01-17,Thaipoosam,3.0,247,211,458,1,January,2022,17,0
2022-01-18,,0.0,168,272,440,1,January,2022,18,1
2022-01-19,,0.0,154,309,463,1,January,2022,19,2
2022-01-20,,0.0,190,285,475,1,January,2022,20,3
2022-01-21,,0.0,146,230,376,1,January,2022,21,4
2022-01-22,,0.0,177,262,439,1,January,2022,22,5
2022-01-23,Subamuhoortham,1.0,4,27,31,1,January,2022,23,6
2022-01-24,,0.0,184,254,438,1,January,2022,24,0
2022-01-25,Ashtami,1.0,146,279,425,1,January,2022,25,1
2022-01-26,"Rupulic day,Navami",2.0,175,284,459,1,January,2022,26,2
2022-01-27,Subamuhoortham,1.0,120,231,351,1,January,2022,27,3
2022-01-28,,1.0,126,214,340,1,January,2022,28,4
2022-01-29,,0.0,150,234,384,1,January,2022,29,5
2022-01-30,,1.0,7,23,30,1,January,2022,30,6
2022-01-31,Thaiammavasai,1.0,190,254,444,1,January,2022,31,0
2022-02-01,Thaiammavasai,1.0,116,233,349,2,February,2022,1,1
2022-02-02,,0.0,123,254,377,2,February,2022,2,2
2022-02-03,,0.0,148,267,415,2,February,2022,3,3
2022-02-04,,1.0,152,241,393,2,February,2022,4,4
2022-02-05,,0.0,147,277,424,2,February,2022,5,5
2022-02-06,Subamuhoortham,1.0,4,35,39,2,February,2022,6,6
2022-02-07,,0.0,193,247,440,2,February,2022,7,0
2022-02-08,,0.0,160,300,460,2,February,2022,8,1
2022-02-09,Astami,1.0,165,276,441,2,February,2022,9,2
2022-02-10,Navami,1.0,144,261,405,2,February,2022,10,3
2022-02-11,,1.0,132,220,352,2,February,2022,11,4
2022-02-12,,1.0,151,302,453,2,February,2022,12,5
2022-02-13,,0.0,10,29,39,2,February,2022,13,6
2022-02-14,Subamuhoortham,1.0,177,235,412,2,February,2022,14,0
2022-02-15,,0.0,163,260,423,2,February,2022,15,1
2022-02-16,Powrnami,1.0,168,260,428,2,February,2022,16,2
2022-02-17,,0.0,147,260,407,2,February,2022,17,3
2022-02-18,,0.0,189,289,478,2,February,2022,18,4
2022-02-19,,0.0,243,295,538,2,February,2022,19,5
2022-02-20,Sathurthi,1.0,7,9,16,2,February,2022,20,6
2022-02-21,Subamuhoortham,1.0,207,284,491,2,February,2022,21,0
2022-02-22,,0.0,163,279,442,2,February,2022,22,1
2022-02-23,,0.0,188,310,498,2,February,2022,23,2
2022-02-24,,0.0,168,298,466,2,February,2022,24,3
2022-02-25,,0.0,148,289,437,2,February,2022,25,4
2022-02-26,,0.0,219,336,555,2,February,2022,26,5
2022-02-27,,0.0,11,32,43,2,February,2022,27,6
2022-02-28,,0.0,219,245,464,2,February,2022,28,0
2022-03-01,Mahasivarathiri,2.0,162,288,450,3,March,2022,1,1
2022-03-02,Ammavasai,1.0,143,244,387,3,March,2022,2,2
2022-03-03,,0.0,147,284,431,3,March,2022,3,3
2022-03-04,Subamuhoortham,1.0,181,273,454,3,March,2022,4,4
2022-03-05,,0.0,179,331,510,3,March,2022,5,5
2022-03-06,,0.0,4,38,42,3,March,2022,6,6
2022-03-07,,0.0,197,285,482,3,March,2022,7,0
2022-03-08,Sashti,1.0,167,345,512,3,March,2022,8,1
2022-03-09,,0.0,177,309,486,3,March,2022,9,2
2022-03-10,,0.0,141,284,425,3,March,2022,10,3
2022-03-11,Subamuhoortham,1.0,160,271,431,3,March,2022,11,4
2022-03-12,Astami,1.0,216,323,539,3,March,2022,12,5
2022-03-13,Navami,1.0,13,37,50,3,March,2022,13,6
2022-03-14,Subamuhoortham,1.0,220,309,529,3,March,2022,14,0
2022-03-15,,0.0,182,310,492,3,March,2022,15,1
2022-03-16,Subamuhoortham,1.0,156,299,455,3,March,2022,16,2
2022-03-17,Holi,2.0,160,328,488,3,March,2022,17,3
2022-03-18,,0.0,140,259,399,3,March,2022,18,4
2022-03-19,,0.0,211,353,564,3,March,2022,19,5
2022-03-20,,0.0,12,40,52,3,March,2022,20,6
2022-03-21,Subamuhoortham,1.0,245,294,539,3,March,2022,21,0
2022-03-22,,0.0,181,332,513,3,March,2022,22,1
2022-03-23,Subamuhoortham,1.0,183,374,557,3,March,2022,23,2
2022-03-24,,0.0,171,316,487,3,March,2022,24,3
2022-03-25,Astami,1.0,143,250,393,3,March,2022,25,4
2022-03-26,Navami,1.0,196,303,499,3,March,2022,26,5
2022-03-27,Subamuhoortham,1.0,10,30,40,3,March,2022,27,6
2022-03-28,,0.0,178,243,421,3,March,2022,28,0
2022-03-29,,0.0,140,244,384,3,March,2022,29,1
2022-03-30,Subamuhoortham,1.0,156,315,471,3,March,2022,30,2
2022-03-31,,0.0,131,249,380,3,March,2022,31,3
2022-04-01,,0.0,137,292,429,4,April,2022,1,4
2022-04-02,,0.0,235,393,628,4,April,2022,2,5
2022-04-03,,0.0,7,29,36,4,April,2022,3,6
2022-04-04,,0.0,217,309,526,4,April,2022,4,0
2022-04-05,,0.0,154,309,463,4,April,2022,5,1
2022-04-06,,0.0,139,314,453,4,April,2022,6,2
2022-04-07,,0.0,141,310,451,4,April,2022,7,3
2022-04-08,,0.0,175,323,498,4,April,2022,8,4
2022-04-09,,0.0,190,348,538,4,April,2022,9,5
2022-04-10,,0.0,6,47,53,4,April,2022,10,6
2022-04-11,,0.0,207,295,502,4,April,2022,11,0
2022-04-12,,0.0,143,294,437,4,April,2022,12,1
2022-04-13,,0.0,117,308,425,4,April,2022,13,2
2022-04-14,Tamil New Year,3.0,122,235,357,4,April,2022,14,3
2022-04-15,Subamuhoortham,1.0,217,352,569,4,April,2022,15,4
2022-04-16,,0.0,180,325,505,4,April,2022,16,5
2022-04-17,,0.0,9,59,68,4,April,2022,17,6
2022-04-18,,0.0,202,287,489,4,April,2022,18,0
2022-04-19,,0.0,164,341,505,4,April,2022,19,1
2022-04-20,,0.0,158,314,472,4,April,2022,20,2
2022-04-21,Subamuhoortham,1.0,148,328,476,4,April,2022,21,3
2022-04-22,,0.0,124,308,432,4,April,2022,22,4
2022-04-23,,0.0,167,311,478,4,April,2022,23,5
2022-04-24,,0.0,12,24,36,4,April,2022,24,6
2022-04-25,Subamuhoortham,1.0,191,273,464,4,April,2022,25,0
2022-04-26,,0.0,156,348,504,4,April,2022,26,1
2022-04-27,,0.0,145,329,474,4,April,2022,27,2
2022-04-28,,0.0,130,275,405,4,April,2022,28,3
2022-04-29,Subamuhoortham,1.0,118,255,373,4,April,2022,29,4
2022-04-30,,0.0,111,212,323,4,April,2022,30,5
2022-05-01,Workers Day,2.0,7,43,50,5,May,2022,1,6
2022-05-02,,0.0,203,311,514,5,May,2022,2,0
2022-05-03,,0.0,185,332,517,5,May,2022,3,1
2022-05-04,Subamuhoortham,1.0,145,282,427,5,May,2022,4,2
2022-05-05,,0.0,151,315,466,5,May,2022,5,3
2022-05-06,Subamuhoortham,1.0,150,352,502,5,May,2022,6,4
2022-05-07,Sashti,1.0,148,277,425,5,May,2022,7,5
2022-05-08,Subamuhoortham,1.0,15,38,53,5,May,2022,8,6
2022-05-09,Astami,1.0,189,277,466,5,May,2022,9,0
2022-05-10,Navami,1.0,157,284,441,5,May,2022,10,1
2022-05-11,,0.0,157,312,469,5,May,2022,11,2
2022-05-12,,0.0,152,354,506,5,May,2022,12,3
2022-05-13,Subamuhoortham,1.0,89,182,271,5,May,2022,13,4
2022-05-14,,0.0,173,347,520,5,May,2022,14,5
2022-05-15,Subamuhoortham,1.0,3,103,106,5,May,2022,15,6
2022-05-16,Powrnami,1.0,235,288,523,5,May,2022,16,0
2022-05-17,,0.0,152,277,429,5,May,2022,17,1
2022-05-18,,0.0,175,315,490,5,May,2022,18,2
2022-05-19,,0.0,164,350,514,5,May,2022,19,3
2022-05-20,,0.0,140,275,415,5,May,2022,20,4
2022-05-21,,0.0,180,360,540,5,May,2022,21,5
2022-05-22,,0.0,6,26,32,5,May,2022,22,6
2022-05-23,Astami,1.0,175,283,458,5,May,2022,23,0
2022-05-24,Navami,1.0,158,286,444,5,May,2022,24,1
2022-05-25,Subamuhoortham,1.0,154,353,507,5,May,2022,25,2
2022-05-26,Subamuhoortham,1.0,139,321,460,5,May,2022,26,3
2022-05-27,,0.0,154,282,436,5,May,2022,27,4
2022-05-28,,0.0,181,325,506,5,May,2022,28,5
2022-05-29,,0.0,9,68,77,5,May,2022,29,6
2022-05-30,Ammavasai,1.0,196,228,424,5,May,2022,30,0
2022-05-31,,0.0,154,247,401,5,May,2022,31,1
2022-06-01,,0.0,171,299,470,6,June,2022,1,2
2022-06-02,,0.0,173,328,501,6,June,2022,2,3
2022-06-03,,0.0,138,289,427,6,June,2022,3,4
2022-06-04,,0.0,152,306,458,6,June,2022,4,5
2022-06-05,Sashti,1.0,8,24,32,6,June,2022,5,6
2022-06-06,,0.0,227,268,495,6,June,2022,6,0
2022-06-07,Astami,1.0,134,344,478,6,June,2022,7,1
2022-06-08,Navami,1.0,178,284,462,6,June,2022,8,2
2022-06-09,,0.0,123,277,400,6,June,2022,9,3
2022-06-10,Yagadasi,3.0,124,289,413,6,June,2022,10,4
2022-06-11,,0.0,203,305,508,6,June,2022,11,5
2022-06-12,,0.0,4,27,31,6,June,2022,12,6
2022-06-13,Powrnami,1.0,153,221,374,6,June,2022,13,0
2022-06-14,,0.0,162,294,456,6,June,2022,14,1
2022-06-15,,0.0,155,353,508,6,June,2022,15,2
2022-06-16,,0.0,187,340,527,6,June,2022,16,3
2022-06-17,,0.0,136,317,453,6,June,2022,17,4
2022-06-18,,0.0,210,351,561,6,June,2022,18,5
2022-06-19,Sashti,1.0,16,36,52,6,June,2022,19,6
2022-06-20,,0.0,206,318,524,6,June,2022,20,0
2022-06-21,Astami,1.0,164,332,496,6,June,2022,21,1
2022-06-22,Navami,1.0,182,350,532,6,June,2022,22,2
2022-06-23,,0.0,157,306,463,6,June,2022,23,3
2022-06-24,,0.0,137,331,468,6,June,2022,24,4
2022-06-25,Karthigai,1.0,226,385,611,6,June,2022,25,5
2022-06-26,,0.0,7,46,53,6,June,2022,26,6
2022-06-27,Sivarathiri,2.0,202,232,434,6,June,2022,27,0
2022-06-28,Ammavasai,1.0,185,288,473,6,June,2022,28,1
2022-06-29,,0.0,140,324,464,6,June,2022,29,2
2022-06-30,,0.0,204,298,502,6,June,2022,30,3
2022-07-01,,0.0,179,314,493,7,July,2022,1,4
2022-07-02,,0.0,206,361,567,7,July,2022,2,5
2022-07-03,SASTI,1.0,5,41,46,7,July,2022,3,6
2022-07-04,,0.0,261,314,575,7,July,2022,4,0
2022-07-05,ASTAMI,1.0,188,296,484,7,July,2022,5,1
2022-07-06,NAVAMI,1.0,177,325,502,7,July,2022,6,2
2022-07-07,,0.0,160,341,501,7,July,2022,7,3
2022-07-08,,0.0,158,307,465,7,July,2022,8,4
2022-07-09,,0.0,241,360,601,7,July,2022,9,5
2022-07-10,,0.0,12,49,61,7,July,2022,10,6
2022-07-11,POWRNAMI,1.0,229,292,521,7,July,2022,11,0
2022-07-12,,0.0,196,344,540,7,July,2022,12,1
2022-07-13,,0.0,164,286,450,7,July,2022,13,2
2022-07-14,,0.0,129,325,454,7,July,2022,14,3
2022-07-15,Adi 1st,3.0,178,317,495,7,July,2022,15,4
2022-07-16,,0.0,177,315,492,7,July,2022,16,5
2022-07-17,SASTI,1.0,3,31,34,7,July,2022,17,6
2022-07-18,,0.0,209,255,464,7,July,2022,18,0
2022-07-19,ASTAMI,1.0,171,394,565,7,July,2022,19,1
2022-07-20,NAVAMI,1.0,159,310,469,7,July,2022,20,2
2022-07-21,KARTHIGAI,1.0,166,309,475,7,July,2022,21,3
2022-07-22,YAGATHASI,1.0,154,272,426,7,July,2022,22,4
2022-07-23,,0.0,222,319,541,7,July,2022,23,5
2022-07-24,,0.0,3,29,32,7,July,2022,24,6
2022-07-25,,0.0,227,282,509,7,July,2022,25,0
2022-07-26,,0.0,152,300,452,7,July,2022,26,1
2022-07-27,,0.0,169,268,437,7,July,2022,27,2
2022-07-28,AMMAVASAI,1.0,116,280,396,7,July,2022,28,3
2022-07-29,,0.0,131,295,426,7,July,2022,29,4
2022-07-30,,0.0,176,303,479,7,July,2022,30,5
2022-07-31,,0.0,6,33,39,7,July,2022,31,6
2022-08-01,,0.0,164,254,418,8,August,2022,1,0
2022-08-02,,0.0,131,299,430,8,August,2022,2,1
2022-08-03,Adi perukku,1.0,123,230,353,8,August,2022,3,2
2022-08-04,,0.0,114,262,376,8,August,2022,4,3
2022-08-05,ASTAMI,1.0,122,276,398,8,August,2022,5,4
2022-08-06,NAVAMI,1.0,154,280,434,8,August,2022,6,5
2022-08-07,,0.0,4,27,31,8,August,2022,7,6
2022-08-08,,0.0,174,283,457,8,August,2022,8,0
2022-08-09,MOHARAM,1.0,176,401,577,8,August,2022,9,1
2022-08-10,,0.0,158,282,440,8,August,2022,10,2
2022-08-11,POWRNAMI,1.0,163,298,461,8,August,2022,11,3
2022-08-12,,0.0,150,305,455,8,August,2022,12,4
2022-08-13,,0.0,173,377,550,8,August,2022,13,5
2022-08-14,,0.0,6,32,38,8,August,2022,14,6
2022-08-15,,0.0,216,273,489,8,August,2022,15,0
2022-08-16,,0.0,153,299,452,8,August,2022,16,1
2022-08-17,SASTI,1.0,188,295,483,8,August,2022,17,2
2022-08-18,,0.0,145,338,483,8,August,2022,18,3
2022-08-19,GOKULA ASTAMI,1.0,201,373,574,8,August,2022,19,4
2022-08-20,NAVAMI,1.0,157,316,473,8,August,2022,20,5
2022-08-21,SUBAMUHURTHAM,1.0,6,38,44,8,August,2022,21,6
2022-08-22,SUBAMUHURTHAM,1.0,202,267,469,8,August,2022,22,0
2022-08-23,,0.0,157,288,445,8,August,2022,23,1
2022-08-24,SUBAMUHURTHAM,1.0,118,285,403,8,August,2022,24,2
2022-08-25,SIVARATHRI,1.0,154,283,437,8,August,2022,25,3
2022-08-26,AMMAVASAI,1.0,116,258,374,8,August,2022,26,4
2022-08-27,,0.0,152,262,414,8,August,2022,27,5
2022-08-28,,0.0,7,20,27,8,August,2022,28,6
2022-08-29,SUBAMUHURTHAM,1.0,174,223,397,8,August,2022,29,0
2022-08-30,,0.0,109,253,362,8,August,2022,30,1
2022-08-31,VINAYAGAR SATHOORTHI,1.0,121,163,284,8,August,2022,31,2
2022-09-01,SUBAMUHOORTHAM,1.0,126,205,331,9,September,2022,1,3
2022-09-02,SASTI,1.0,126,255,381,9,September,2022,2,4
2022-09-03,ASTAMI,1.0,152,260,412,9,September,2022,3,5
2022-09-04,NAVAMI,1.0,8,5,13,9,September,2022,4,6
2022-09-05,SUBAMUHOORTHAM,1.0,166,246,412,9,September,2022,5,0
2022-09-06,,0.0,169,293,462,9,September,2022,6,1
2022-09-07,SUBAMUHOORTHAM,1.0,124,246,370,9,September,2022,7,2
2022-09-08,SUBAMUHOORTHAM,1.0,123,214,337,9,September,2022,8,3
2022-09-09,POWRNAMI,1.0,129,275,404,9,September,2022,9,4
2022-09-10,SUBAMUHOORTHAM,1.0,197,345,542,9,September,2022,10,5
2022-09-11,,0.0,8,26,34,9,September,2022,11,6
2022-09-12,,0.0,222,251,473,9,September,2022,12,0
2022-09-13,,0.0,178,314,492,9,September,2022,13,1
2022-09-14,,0.0,157,270,427,9,September,2022,14,2
2022-09-15,KARTHIGAI,1.0,143,269,412,9,September,2022,15,3
2022-09-16,SASTI,1.0,156,257,413,9,September,2022,16,4
2022-09-17,,0.0,157,287,444,9,September,2022,17,5
2022-09-18,ASTAMI,1.0,14,20,34,9,September,2022,18,6
2022-09-19,NAVAMI,1.0,229,315,544,9,September,2022,19,0
2022-09-20,,0.0,167,337,504,9,September,2022,20,1
2022-09-21,,0.0,176,317,493,9,September,2022,21,2
2022-09-22,,0.0,129,282,411,9,September,2022,22,3
2022-09-23,,0.0,145,314,459,9,September,2022,23,4
2022-09-24,,0.0,168,317,485,9,September,2022,24,5
2022-09-25,AMMAVASAI,1.0,5,28,33,9,September,2022,25,6
2022-09-26,,0.0,152,282,434,9,September,2022,26,0
2022-09-27,,0.0,129,297,426,9,September,2022,27,1
2022-09-28,,0.0,145,301,446,9,September,2022,28,2
2022-09-29,,0.0,134,301,435,9,September,2022,29,3
2022-09-30,,0.0,114,285,399,9,September,2022,30,4
2022-10-01,SASTI,1.0,165,291,456,10,October,2022,1,5
2022-10-02,GANDHIJAYANTHI,2.0,11,24,35,10,October,2022,2,6
2022-10-03,,0.0,234,307,541,10,October,2022,3,0
2022-10-04,SARASHWATHIPOOJAI,1.0,118,197,315,10,October,2022,4,1
2022-10-05,VIJAYATASAMI,1.0,207,301,508,10,October,2022,5,2
2022-10-06,YAGATHASAI,1.0,191,388,579,10,October,2022,6,3
2022-10-07,,0.0,173,355,528,10,October,2022,7,4
2022-10-08,,0.0,151,329,480,10,October,2022,8,5
2022-10-09,"POWRNAMI,MILADINABI",1.0,10,35,45,10,October,2022,9,6
2022-10-10,,0.0,155,278,433,10,October,2022,10,0
2022-10-11,,0.0,122,183,305,10,October,2022,11,1
2022-10-12,,0.0,141,239,380,10,October,2022,12,2
2022-10-13,,0.0,116,284,400,10,October,2022,13,3
2022-10-14,,0.0,115,276,391,10,October,2022,14,4
2022-10-15,SASTI,1.0,125,273,398,10,October,2022,15,5
2022-10-16,,0.0,12,32,44,10,October,2022,16,6
2022-10-17,ASTAMI,1.0,125,262,387,10,October,2022,17,0
2022-10-18,NAVAMI,1.0,112,278,390,10,October,2022,18,1
2022-10-19,,0.0,107,209,316,10,October,2022,19,2
2022-10-20,,0.0,111,243,354,10,October,2022,20,3
2022-10-21,YAGATHASAI,1.0,89,238,327,10,October,2022,21,4
2022-10-22,,0.0,144,247,391,10,October,2022,22,5
2022-10-23,SHIVARATHIRI,1.0,42,11,53,10,October,2022,23,6
2022-10-24,DIWALI,2.0,52,11,63,10,October,2022,24,0
2022-10-25,,0.0,224,273,497,10,October,2022,25,1
2022-10-26,,0.0,226,367,593,10,October,2022,26,2
2022-10-27,,0.0,234,352,586,10,October,2022,27,3
2022-10-28,SUBAMUHOORTHAM,1.0,178,345,523,10,October,2022,28,4
2022-10-29,,0.0,215,353,568,10,October,2022,29,5
2022-10-30,SUBAMUHOORTHAM,1.0,6,35,41,10,October,2022,30,6
2022-10-31,,0.0,245,306,551,10,October,2022,31,0
2022-11-01,Astami,1.0,196,332,528,11,November,2022,1,1
2022-11-02,Navami,1.0,151,339,490,11,November,2022,2,2
2022-11-03,,0.0,149,316,465,11,November,2022,3,3
2022-11-04,,0.0,130,296,426,11,November,2022,4,4
2022-11-05,,0.0,192,343,535,11,November,2022,5,5
2022-11-06,,0.0,10,41,51,11,November,2022,6,6
2022-11-07,Powrnami,1.0,198,267,465,11,November,2022,7,0
2022-11-08,Guru nanak jayanti,1.0,166,282,448,11,November,2022,8,1
2022-11-09,Karthigai,1.0,159,298,457,11,November,2022,9,2
2022-11-10,,0.0,151,310,461,11,November,2022,10,3
2022-11-11,subamuhoortham,1.0,87,222,309,11,November,2022,11,4
2022-11-12,,0.0,144,253,397,11,November,2022,12,5
2022-11-13,,0.0,4,35,39,11,November,2022,13,6
2022-11-14,subamuhoortham,1.0,192,281,473,11,November,2022,14,0
2022-11-15,Astami,1.0,170,319,489,11,November,2022,15,1
2022-11-16,Navami,1.0,149,317,466,11,November,2022,16,2
2022-11-17,Karthigai 1,1.0,144,327,471,11,November,2022,17,3
2022-11-18,,0.0,160,245,405,11,November,2022,18,4
2022-11-19,,0.0,193,290,483,11,November,2022,19,5
2022-11-20,subamuhoortham,1.0,13,24,37,11,November,2022,20,6
2022-11-21,,0.0,179,271,450,11,November,2022,21,0
2022-11-22,,0.0,154,267,421,11,November,2022,22,1
2022-11-23,Ammavasai,1.0,174,269,443,11,November,2022,23,2
2022-11-24,,0.0,124,285,409,11,November,2022,24,3
2022-11-25,,0.0,128,252,380,11,November,2022,25,4
2022-11-26,,0.0,178,306,484,11,November,2022,26,5
2022-11-27,,0.0,7,44,51,11,November,2022,27,6
2022-11-28,,0.0,213,277,490,11,November,2022,28,0
2022-11-29,sasti,1.0,156,281,437,11,November,2022,29,1
2022-11-30,Astami,1.0,151,270,421,11,November,2022,30,2
2022-12-01,Navami,1.0,139,261,400,12,December,2022,1,3
2022-12-02,,0.0,131,234,365,12,December,2022,2,4
2022-12-03,,0.0,156,279,435,12,December,2022,3,5
2022-12-04,Subamuhoortham,1.0,11,37,48,12,December,2022,4,6
2022-12-05,,0.0,181,226,407,12,December,2022,5,0
2022-12-06,,0.0,130,236,366,12,December,2022,6,1
2022-12-07,Pownarmi,1.0,146,313,459,12,December,2022,7,2
2022-12-08,,0.0,167,300,467,12,December,2022,8,3
2022-12-09,,0.0,147,274,421,12,December,2022,9,4
2022-12-10,,0.0,127,255,382,12,December,2022,10,5
2022-12-11,Subamuhoortham,1.0,8,36,44,12,December,2022,11,6
2022-12-12,Subamuhoortham,1.0,145,265,410,12,December,2022,12,0
2022-12-13,,0.0,165,277,442,12,December,2022,13,1
2022-12-14,Sasti,1.0,137,263,400,12,December,2022,14,2
2022-12-15,Astami,1.0,147,295,442,12,December,2022,15,3
2022-12-16,Navami,1.0,136,266,402,12,December,2022,16,4
2022-12-17,,0.0,169,287,456,12,December,2022,17,5
2022-12-18,,0.0,14,21,35,12,December,2022,18,6
2022-12-19,,0.0,186,288,474,12,December,2022,19,0
2022-12-20,,0.0,153,277,430,12,December,2022,20,1
2022-12-21,,0.0,135,301,436,12,December,2022,21,2
2022-12-22,Ammavasai,1.0,124,303,427,12,December,2022,22,3
2022-12-23,,0.0,119,278,397,12,December,2022,23,4
2022-12-24,,0.0,181,313,494,12,December,2022,24,5
2022-12-25,Christmas,2.0,8,29,37,12,December,2022,25,6
2022-12-26,,0.0,249,314,563,12,December,2022,26,0
2022-12-27,,0.0,189,316,505,12,December,2022,27,1
2022-12-28,,0.0,191,352,543,12,December,2022,28,2
2022-12-29,,0.0,184,361,545,12,December,2022,29,3
2022-12-30,,0.0,205,367,572,12,December,2022,30,4
2022-12-31,,0.0,159,245,404,12,December,2022,31,5
2023-01-01,New year,2.0,10,29,39,1,January,2023,1,6
2023-01-02,vaigunda yegadesi,1.0,162,217,379,1,January,2023,2,0
2023-01-03,,0.0,165,246,411,1,January,2023,3,1
2023-01-04,,0.0,132,229,361,1,January,2023,4,2
2023-01-05,,0.0,118,263,381,1,January,2023,5,3
2023-01-06,,0.0,112,233,345,1,January,2023,6,4
2023-01-07,,0.0,159,262,421,1,January,2023,7,5
2023-01-08,,0.0,8,22,30,1,January,2023,8,6
2023-01-09,,0.0,152,237,389,1,January,2023,9,0
2023-01-10,,0.0,111,252,363,1,January,2023,10,1
2023-01-11,,0.0,105,202,307,1,January,2023,11,2
2023-01-12,,0.0,81,209,290,1,January,2023,12,3
2023-01-13,,0.0,119,184,303,1,January,2023,13,4
2023-01-14,Bogi,3.0,86,178,264,1,January,2023,14,5
2023-01-15,pongal,3.0,6,7,13,1,January,2023,15,6
2023-01-16,Mattupongal,3.0,137,168,305,1,January,2023,16,0
2023-01-17,ulavar thirunal,1.0,102,137,239,1,January,2023,17,1
2023-01-18,Suba Muhoortham,1.0,222,313,535,1,January,2023,18,2
2023-01-19,,0.0,189,331,520,1,January,2023,19,3
2023-01-20,Suba Muhoortham,1.0,152,272,424,1,January,2023,20,4
2023-01-21,Thai Ammavasai,1.0,160,281,441,1,January,2023,21,5
2023-01-22,,0.0,11,31,42,1,January,2023,22,6
2023-01-23,valarpirai subamuhoortham,1.0,190,262,452,1,January,2023,23,0
2023-01-24,,0.0,174,288,462,1,January,2023,24,1
2023-01-25,,0.0,147,269,416,1,January,2023,25,2
2023-01-26,"Republic Day, subamuhoortham",2.0,216,323,539,1,January,2023,26,3
2023-01-27,valarpirai subamuhoortham,1.0,154,257,411,1,January,2023,27,4
2023-01-28,,0.0,155,333,488,1,January,2023,28,5
2023-01-29,,0.0,7,27,34,1,January,2023,29,6
2023-01-30,,0.0,198,259,457,1,January,2023,30,0
2023-01-31,,0.0,139,283,422,1,January,2023,31,1
2023-02-01,valarpirai subamuhoortham,1.0,131,238,369,2,February,2023,1,2
2023-02-02,,0.0,143,282,425,2,February,2023,2,3
2023-02-03,valarpirai subamuhoortham,1.0,132,266,398,2,February,2023,3,4
2023-02-04,,0.0,211,303,514,2,February,2023,4,5
2023-02-05,Thai poosam,1.0,5,20,25,2,February,2023,5,6
2023-02-06,,0.0,202,295,497,2,February,2023,6,0
2023-02-07,,0.0,157,307,464,2,February,2023,7,1
2023-02-08,,0.0,172,288,460,2,February,2023,8,2
2023-02-09,,0.0,147,259,406,2,February,2023,9,3
2023-02-10,Suba Muhoortham,1.0,135,310,445,2,February,2023,10,4
2023-02-11,,0.0,232,352,584,2,February,2023,11,5
2023-02-12,Suba Muhoortham,1.0,6,25,31,2,February,2023,12,6
2023-02-13,,0.0,194,298,492,2,February,2023,13,0
2023-02-14,,1.0,144,266,410,2,February,2023,14,1
2023-02-15,,1.0,143,268,411,2,February,2023,15,2
2023-02-16,Suba Muhoortham,1.0,153,280,433,2,February,2023,16,3
2023-02-17,,0.0,146,260,406,2,February,2023,17,4
2023-02-18,Maha Sivarathiri,2.0,145,295,440,2,February,2023,18,5
2023-02-19,Suba Muhoortham,1.0,7,31,38,2,February,2023,19,6
2023-02-20,,0.0,173,246,419,2,February,2023,20,0
2023-02-21,,0.0,138,257,395,2,February,2023,21,1
2023-02-22,,0.0,139,254,393,2,February,2023,22,2
2023-02-23,valarpirai subamuhoortham,1.0,142,239,381,2,February,2023,23,3
2023-02-24,,0.0,136,295,431,2,February,2023,24,4
2023-02-25,,0.0,170,317,487,2,February,2023,25,5
2023-02-26,,0.0,10,41,51,2,February,2023,26,6
2023-02-27,,0.0,188,272,460,2,February,2023,27,0
2023-02-28,,0.0,125,266,391,2,February,2023,28,1
2023-03-01,,0.0,148,280,428,3,March,2023,1,2
2023-03-02,,0.0,140,277,417,3,March,2023,2,3
2023-03-03,SUBHAMUHOORTHAM,1.0,132,266,398,3,March,2023,3,4
2023-03-04,,0.0,164,316,480,3,March,2023,4,5
2023-03-05,,0.0,8,29,37,3,March,2023,5,6
2023-03-06,,0.0,182,303,485,3,March,2023,6,0
2023-03-07,HOLI,2.0,164,266,430,3,March,2023,7,1
2023-03-08,womans day,2.0,133,302,435,3,March,2023,8,2
2023-03-09,SUBHAMUHOORTHAM,1.0,169,304,473,3,March,2023,9,3
2023-03-10,SUBHAMUHOORTHAM,1.0,152,323,475,3,March,2023,10,4
2023-03-11,,0.0,192,370,562,3,March,2023,11,5
2023-03-12,,0.0,8,41,49,3,March,2023,12,6
2023-03-13,SUBHAMUHOORTHAM,1.0,235,316,551,3,March,2023,13,0
2023-03-14,,0.0,160,316,476,3,March,2023,14,1
2023-03-15,,0.0,189,325,514,3,March,2023,15,2
2023-03-16,,0.0,142,303,445,3,March,2023,16,3
2023-03-17,SUBHAMUHOORTHAM,1.0,135,332,467,3,March,2023,17,4
2023-03-18,,0.0,204,321,525,3,March,2023,18,5
2023-03-19,,0.0,12,42,54,3,March,2023,19,6
2023-03-20,,0.0,198,286,484,3,March,2023,20,0
2023-03-21,,0.0,158,293,451,3,March,2023,21,1
2023-03-22,,0.0,203,342,545,3,March,2023,22,2
2023-03-23,SUBHAMUHOORTHAM,1.0,156,321,477,3,March,2023,23,3
2023-03-24,,0.0,175,288,463,3,March,2023,24,4
2023-03-25,,0.0,169,336,505,3,March,2023,25,5
2023-03-26,,0.0,8,41,49,3,March,2023,26,6
2023-03-27,SUBHAMUHOORTHAM,1.0,189,269,458,3,March,2023,27,0
2023-03-28,,0.0,149,335,484,3,March,2023,28,1
2023-03-29,,0.0,157,276,433,3,March,2023,29,2
2023-03-30,,0.0,147,266,413,3,March,2023,30,3
2023-03-31,,0.0,125,258,383,3,March,2023,31,4
2023-04-01,,0.0,160,281,441,4,April,2023,1,5
2023-04-02,,0.0,8,45,53,4,April,2023,2,6
2023-04-03,,0.0,191,277,468,4,April,2023,3,0
2023-04-04,,0.0,213,350,563,4,April,2023,4,1
2023-04-05,,0.0,113,246,359,4,April,2023,5,2
2023-04-06,,0.0,131,254,385,4,April,2023,6,3
2023-04-07,GOOD Friday,2.0,208,340,548,4,April,2023,7,4
2023-04-08,,0.0,180,291,471,4,April,2023,8,5
2023-04-09,,0.0,13,29,42,4,April,2023,9,6
2023-04-10,subamuhoortham,1.0,183,310,493,4,April,2023,10,0
2023-04-11,Tamil NEW YEAR,3.0,134,304,438,4,April,2023,11,1
2023-04-12,,0.0,146,312,458,4,April,2023,12,2
2023-04-13,,0.0,117,301,418,4,April,2023,13,3
2023-04-14,,0.0,124,188,312,4,April,2023,14,4
2023-04-15,,0.0,192,330,522,4,April,2023,15,5
2023-04-16,subamuhoortham,1.0,11,39,50,4,April,2023,16,6
2023-04-17,,0.0,199,330,529,4,April,2023,17,0
2023-04-18,,0.0,138,276,414,4,April,2023,18,1
2023-04-19,RAMJAN,2.0,128,250,378,4,April,2023,19,2
2023-04-20,,0.0,120,266,386,4,April,2023,20,3
2023-04-21,,0.0,127,277,404,4,April,2023,21,4
2023-04-22,,0.0,178,276,454,4,April,2023,22,5
2023-04-23,subamuhoortham,1.0,12,27,39,4,April,2023,23,6
2023-04-24,subamuhoortham,1.0,213,303,516,4,April,2023,24,0
2023-04-25,,0.0,143,284,427,4,April,2023,25,1
2023-04-26,subamuhoortham,1.0,150,307,457,4,April,2023,26,2
2023-04-27,subamuhoortham,1.0,149,299,448,4,April,2023,27,3
2023-04-28,,0.0,115,305,420,4,April,2023,28,4
2023-04-29,,0.0,158,318,476,4,April,2023,29,5
2023-04-30,,0.0,12,43,55,4,April,2023,30,6
2023-05-01,WORKERS DAY,2.0,300,363,663,5,May,2023,1,0
2023-05-02,,0.0,155,313,468,5,May,2023,2,1
2023-05-03,,0.0,158,317,475,5,May,2023,3,2
2023-05-04,SUBAMUHOORTHAM,1.0,152,336,488,5,May,2023,4,3
2023-05-05,POWRNAMI,1.0,149,302,451,5,May,2023,5,4
2023-05-06,,0.0,166,300,466,5,May,2023,6,5
2023-05-07,,0.0,6,47,53,5,May,2023,7,6
2023-05-08,,0.0,236,325,561,5,May,2023,8,0
2023-05-09,,0.0,164,334,498,5,May,2023,9,1
2023-05-10,,0.0,208,361,569,5,May,2023,10,2
2023-05-11,SUBAMUHOORTHAM,1.0,152,387,539,5,May,2023,11,3
2023-05-12,,0.0,163,394,557,5,May,2023,12,4
2023-05-13,,0.0,177,378,555,5,May,2023,13,5
2023-05-14,SUBAMUHOORTHAM,1.0,8,54,62,5,May,2023,14,6
2023-05-15,,0.0,212,326,538,5,May,2023,15,0
2023-05-16,,0.0,192,321,513,5,May,2023,16,1
2023-05-17,,0.0,208,369,577,5,May,2023,17,2
2023-05-18,,0.0,181,378,559,5,May,2023,18,3
2023-05-19,AMMAVASAI,1.0,145,308,453,5,May,2023,19,4
2023-05-20,,0.0,147,342,489,5,May,2023,20,5
2023-05-21,,0.0,9,44,53,5,May,2023,21,6
2023-05-22,SUBAMUHOORTHAM,1.0,194,324,518,5,May,2023,22,0
2023-05-23,,0.0,149,306,455,5,May,2023,23,1
2023-05-24,SUBAMUHOORTHAM,1.0,145,317,462,5,May,2023,24,2
2023-05-25,SUBAMUHOORTHAM,1.0,152,337,489,5,May,2023,25,3
2023-05-26,,0.0,148,376,524,5,May,2023,26,4
2023-05-27,,0.0,169,353,522,5,May,2023,27,5
2023-05-28,,0.0,11,25,36,5,May,2023,28,6
2023-05-29,,0.0,159,323,482,5,May,2023,29,0
2023-05-30,,0.0,163,313,476,5,May,2023,30,1
2023-05-31,,0.0,137,276,413,5,May,2023,31,2
2023-06-01,SUBAMUHOORTHAM,1.0,150,241,391,6,June,2023,1,3
2023-06-02,,0.0,169,334,503,6,June,2023,2,4
2023-06-03,POWRNAMI,1.0,176,384,560,6,June,2023,3,5
2023-06-04,,0.0,8,27,35,6,June,2023,4,6
2023-06-05,SUBAMUHOORTHAM,1.0,244,331,575,6,June,2023,5,0
2023-06-06,,0.0,152,338,490,6,June,2023,6,1
2023-06-07,SUBAMUHOORTHAM,1.0,150,299,449,6,June,2023,7,2
2023-06-08,SUBAMUHOORTHAM,1.0,156,357,513,6,June,2023,8,3
2023-06-09,SUBAMUHOORTHAM,1.0,156,308,464,6,June,2023,9,4
2023-06-10,,0.0,165,386,551,6,June,2023,10,5
2023-06-11,,0.0,12,32,44,6,June,2023,11,6
2023-06-12,,0.0,193,316,509,6,June,2023,12,0
2023-06-13,,0.0,159,359,518,6,June,2023,13,1
2023-06-14,,0.0,124,329,453,6,June,2023,14,2
2023-06-15,,0.0,153,328,481,6,June,2023,15,3
2023-06-16,,0.0,145,296,441,6,June,2023,16,4
2023-06-17,AMMAVASAI,1.0,190,366,556,6,June,2023,17,5
2023-06-18,,0.0,7,39,46,6,June,2023,18,6
2023-06-19,,0.0,185,316,501,6,June,2023,19,0
2023-06-20,,0.0,167,324,491,6,June,2023,20,1
2023-06-21,,0.0,169,325,494,6,June,2023,21,2
2023-06-22,,0.0,136,371,507,6,June,2023,22,3
2023-06-23,,0.0,156,305,461,6,June,2023,23,4
2023-06-24,,0.0,189,373,562,6,June,2023,24,5
2023-06-25,,0.0,10,35,45,6,June,2023,25,6
2023-06-26,,0.0,183,327,510,6,June,2023,26,0
2023-06-27,,0.0,172,289,461,6,June,2023,27,1
2023-06-28,SUBAMUHOORTHAM,1.0,157,269,426,6,June,2023,28,2
2023-06-29,RAMJAN,2.0,263,448,711,6,June,2023,29,3
2023-06-30,,0.0,173,335,508,6,June,2023,30,4
2023-07-01,,0.0,171,346,517,7,July,2023,1,5
2023-07-02,,0.0,16,47,63,7,July,2023,2,6
2023-07-03,,0.0,194,313,507,7,July,2023,3,0
2023-07-04,,0.0,178,337,515,7,July,2023,4,1
2023-07-05,SUBA MUHOORTHAM,1.0,148,313,461,7,July,2023,5,2
2023-07-06,,0.0,171,301,472,7,July,2023,6,3
2023-07-07,SUBA MUHOORTHAM,1.0,170,308,478,7,July,2023,7,4
2023-07-08,,0.0,276,425,701,7,July,2023,8,5
2023-07-09,SUBA MUHOORTHAM,1.0,13,44,57,7,July,2023,9,6
2023-07-10,,0.0,200,311,511,7,July,2023,10,0
2023-07-11,,0.0,145,321,466,7,July,2023,11,1
2023-07-12,,0.0,189,329,518,7,July,2023,12,2
2023-07-13,,0.0,127,320,447,7,July,2023,13,3
2023-07-14,,0.0,162,324,486,7,July,2023,14,4
2023-07-15,,0.0,203,335,538,7,July,2023,15,5
2023-07-16,,0.0,13,51,64,7,July,2023,16,6
2023-07-17,,0.0,157,194,351,7,July,2023,17,0
2023-07-18,,0.0,175,316,491,7,July,2023,18,1
2023-07-19,,0.0,233,332,565,7,July,2023,19,2
2023-07-20,,0.0,172,368,540,7,July,2023,20,3
2023-07-21,,0.0,161,288,449,7,July,2023,21,4
2023-07-22,AADI POORAM,3.0,245,393,638,7,July,2023,22,5
2023-07-23,,0.0,10,33,43,7,July,2023,23,6
2023-07-24,,0.0,214,255,469,7,July,2023,24,0
2023-07-25,,0.0,102,228,330,7,July,2023,25,1
2023-07-26,,0.0,164,284,448,7,July,2023,26,2
2023-07-27,,0.0,165,306,471,7,July,2023,27,3
2023-07-28,,0.0,132,261,393,7,July,2023,28,4
2023-07-29,MOHARAM,2.0,290,375,665,7,July,2023,29,5
2023-07-30,,0.0,13,39,52,7,July,2023,30,6
2023-07-31,,0.0,178,266,444,7,July,2023,31,0
2023-08-01,SANKARAN KOVIL THAVASU,1.0,152,276,428,8,August,2023,1,1
2023-08-02,,0.0,112,228,340,8,August,2023,2,2
2023-08-03,AADI PERUKKU,1.0,174,243,417,8,August,2023,3,3
2023-08-04,,0.0,162,262,424,8,August,2023,4,4
2023-08-05,,0.0,172,268,440,8,August,2023,5,5
2023-08-06,,0.0,9,29,38,8,August,2023,6,6
2023-08-07,,0.0,193,281,474,8,August,2023,7,0
2023-08-08,,0.0,135,250,385,8,August,2023,8,1
2023-08-09,LOCAL FESTIVAL,3.0,179,278,457,8,August,2023,9,2
2023-08-10,LOCAL FESTIVAL,3.0,175,303,478,8,August,2023,10,3
2023-08-11,,0.0,175,313,488,8,August,2023,11,4
2023-08-12,,0.0,175,337,512,8,August,2023,12,5
2023-08-13,,0.0,14,46,60,8,August,2023,13,6
2023-08-14,,0.0,214,287,501,8,August,2023,14,0
2023-08-15,INDIPENDENCE DAY,,245,347,592,8,August,2023,15,1
2023-08-16,AADI AMMAVASAI,1.0,149,285,434,8,August,2023,16,2
2023-08-17,,0.0,148,277,425,8,August,2023,17,3
2023-08-18,AAVANI-1,1.0,160,327,487,8,August,2023,18,4
2023-08-19,,0.0,141,290,431,8,August,2023,19,5
2023-08-20,SUBA MUHOORTHAM,1.0,8,36,44,8,August,2023,20,6
2023-08-21,SUBA MUHOORTHAM,1.0,228,278,506,8,August,2023,21,0
2023-08-22,Local School Leave,1.0,183,345,528,8,August,2023,22,1
2023-08-23,Vasthu naal,0.0,154,286,440,8,August,2023,23,2
2023-08-24,navami,0.0,144,329,473,8,August,2023,24,3
2023-08-25,SRI VARALAKSHMI VIRATHAM,1.0,136,280,416,8,August,2023,25,4
2023-08-26,,0.0,221,359,580,8,August,2023,26,5
2023-08-27,,0.0,8,38,46,8,August,2023,27,6
2023-08-28,,0.0,233,256,489,8,August,2023,28,0
2023-08-29,OONAM,2.0,201,287,488,8,August,2023,29,1
2023-08-30,AAVANI AVITTAM,1.0,180,272,452,8,August,2023,30,2
2023-08-31,,0.0,162,274,436,8,August,2023,31,3
2023-09-01,,0.0,146,262,408,9,September,2023,1,4
2023-09-02,,0.0,193,334,527,9,September,2023,2,5
2023-09-03,SUBA MUHOORTHAM,1.0,14,29,43,9,September,2023,3,6
2023-09-04,,0.0,215,314,529,9,September,2023,4,0
2023-09-05,,0.0,180,303,483,9,September,2023,5,1
2023-09-06,KRISHNA JAYANTHI,,251,381,632,9,September,2023,6,2
2023-09-07,,0.0,141,300,441,9,September,2023,7,3
2023-09-08,,0.0,142,276,418,9,September,2023,8,4
2023-09-09,,0.0,201,345,546,9,September,2023,9,5
2023-09-10,SUBA MUHOORTHAM,1.0,10,40,50,9,September,2023,10,6
2023-09-11,SUBA MUHOORTHAM,1.0,238,274,512,9,September,2023,11,0
2023-09-12,,0.0,205,340,545,9,September,2023,12,1
2023-09-13,SUBA MUHOORTHAM,1.0,176,272,448,9,September,2023,13,2
2023-09-14,,0.0,193,306,499,9,September,2023,14,3
2023-09-15,,0.0,139,281,420,9,September,2023,15,4
2023-09-16,,0.0,189,281,470,9,September,2023,16,5
2023-09-17,SUBA MUHOORTHAM,1.0,34,41,75,9,September,2023,17,6
2023-09-18,VINAYAGAR SATHURTHI,1.0,258,238,496,9,September,2023,18,0
2023-09-19,,0.0,189,362,551,9,September,2023,19,1
2023-09-20,,0.0,221,327,548,9,September,2023,20,2
2023-09-21,,0.0,202,318,520,9,September,2023,21,3
2023-09-22,,0.0,170,310,480,9,September,2023,22,4
2023-09-23,,0.0,224,317,541,9,September,2023,23,5
2023-09-24,,0.0,19,48,67,9,September,2023,24,6
2023-09-25,,0.0,296,325,621,9,September,2023,25,0
2023-09-26,,0.0,225,298,523,9,September,2023,26,1
2023-09-27,,0.0,196,277,473,9,September,2023,27,2
2023-09-28,MILADI NABI,1.0,266,477,743,9,September,2023,28,3
2023-09-29,,0.0,237,370,607,9,September,2023,29,4
2023-09-30,,0.0,221,313,534,9,September,2023,30,5
2023-10-01,,0.0,34,41,75,10,October,2023,1,6
2023-10-02,GANDHI JAYANTHI,2.0,382,433,815,10,October,2023,2,0
2023-10-03,,0.0,205,344,549,10,October,2023,3,1
2023-10-04,,0.0,186,312,498,10,October,2023,4,2
2023-10-05,,0.0,177,358,535,10,October,2023,5,3
2023-10-06,,0.0,161,316,477,10,October,2023,6,4
2023-10-07,,0.0,172,287,459,10,October,2023,7,5
2023-10-08,,0.0,7,30,37,10,October,2023,8,6
2023-10-09,,0.0,203,328,531,10,October,2023,9,0
2023-10-10,,0.0,189,282,471,10,October,2023,10,1
2023-10-11,,0.0,171,271,442,10,October,2023,11,2
2023-10-12,MONTHLY SIVARATHIRI,1.0,154,289,443,10,October,2023,12,3
2023-10-13,,0.0,97,276,373,10,October,2023,13,4
2023-10-14,AMMAVASAI,1.0,160,238,398,10,October,2023,14,5
2023-10-15,PATTIYAM,1.0,11,28,39,10,October,2023,15,6
2023-10-16,,0.0,171,275,446,10,October,2023,16,0
2023-10-17,,0.0,126,285,411,10,October,2023,17,1
2023-10-18,SUBA MUHOORTHAM,1.0,174,263,437,10,October,2023,18,2
2023-10-19,,0.0,124,267,391,10,October,2023,19,3
2023-10-20,SUBA MUHOORTHAM,1.0,137,261,398,10,October,2023,20,4
2023-10-21,,0.0,162,306,468,10,October,2023,21,5
2023-10-22,,0.0,15,31,46,10,October,2023,22,6
2023-10-23,SARASHWATHI POOJA,1.0,139,159,298,10,October,2023,23,0
2023-10-24,VIJAYA THASAMI,1.0,190,264,454,10,October,2023,24,1
2023-10-25,SUBA MUHOORTHAM,1.0,130,243,373,10,October,2023,25,2
2023-10-26,,0.0,153,258,411,10,October,2023,26,3
2023-10-27,SUBA MUHOORTHAM,1.0,108,256,364,10,October,2023,27,4
2023-10-28,POWRNAMI,1.0,138,298,436,10,October,2023,28,5
2023-10-29,,0.0,5,23,28,10,October,2023,29,6
2023-10-30,,0.0,148,247,395,10,October,2023,30,0
2023-10-31,,0.0,123,272,395,10,October,2023,31,1
2023-11-01,SUBA MUHOORTHAM,1.0,132,229,361,11,November,2023,1,2
2023-11-02,,0.0,126,250,376,11,November,2023,2,3
2023-11-03,,0.0,116,271,387,11,November,2023,3,4
2023-11-04,,0.0,121,261,382,11,November,2023,4,5
2023-11-05,ASHDAMI,1.0,8,13,21,11,November,2023,5,6
2023-11-06,NAVAMI,1.0,117,225,342,11,November,2023,6,0
2023-11-07,,0.0,111,265,376,11,November,2023,7,1
2023-11-08,,0.0,99,183,282,11,November,2023,8,2
2023-11-09,,0.0,97,187,284,11,November,2023,9,3
2023-11-10,SUBA MUHOORTHAM,1.0,82,171,253,11,November,2023,10,4
2023-11-11,,0.0,100,191,291,11,November,2023,11,5
2023-11-12,DIWALI,2.0,49,7,56,11,November,2023,12,6
2023-11-13,AMMAVASAI,1.0,257,272,529,11,November,2023,13,0
2023-11-14,,0.0,220,322,542,11,November,2023,14,1
2023-11-15,,0.0,215,302,517,11,November,2023,15,2
2023-11-16,SUBA MUHOORTHAM,1.0,165,306,471,11,November,2023,16,3
2023-11-17,,0.0,156,307,463,11,November,2023,17,4
2023-11-18,KANTHA SASDI SURASHKARAM,1.0,138,312,450,11,November,2023,18,5
2023-11-19,SUBA MUHOORTHAM,1.0,15,38,53,11,November,2023,19,6
2023-11-20,,0.0,215,315,530,11,November,2023,20,0
2023-11-21,,0.0,174,304,478,11,November,2023,21,1
2023-11-22,,0.0,137,251,388,11,November,2023,22,2
2023-11-23,SUBA MUHOORTHAM,1.0,109,260,369,11,November,2023,23,3
2023-11-24,SUBA MUHOORTHAM,1.0,135,246,381,11,November,2023,24,4
2023-11-25,,0.0,163,328,491,11,November,2023,25,5
2023-11-26,THIRUKARTHIKAI,1.0,4,26,30,11,November,2023,26,6
2023-11-27,POwRNAMI,1.0,173,285,458,11,November,2023,27,0
2023-11-28,,0.0,143,278,421,11,November,2023,28,1
2023-11-29,SUBA MUHOORTHAM,1.0,140,293,433,11,November,2023,29,2
2023-11-30,,0.0,145,299,444,11,November,2023,30,3
2023-12-01,SUBA MUHOORTHAM,1.0,139,278,417,12,December,2023,1,4
2023-12-02,,0.0,187,321,508,12,December,2023,2,5
2023-12-03,,0.0,11,33,44,12,December,2023,3,6
2023-12-04,ASHDAMI,1.0,237,326,563,12,December,2023,4,0
2023-12-05,,0.0,143,265,408,12,December,2023,5,1
2023-12-06,,0.0,159,336,495,12,December,2023,6,2
2023-12-07,SUBA MUHOORTHAM,1.0,163,333,496,12,December,2023,7,3
2023-12-08,SUBA MUHOORTHAM,1.0,103,311,414,12,December,2023,8,4
2023-12-09,,0.0,210,349,559,12,December,2023,9,5
2023-12-10,SUBA MUHOORTHAM,1.0,3,30,33,12,December,2023,10,6
2023-12-11,,0.0,187,273,460,12,December,2023,11,0
2023-12-12,AMMAVASAI,1.0,141,255,396,12,December,2023,12,1
2023-12-13,PATTIYAM,1.0,145,254,399,12,December,2023,13,2
2023-12-14,SUBA MUHOORTHAM,1.0,156,287,443,12,December,2023,14,3
2023-12-15,,0.0,163,327,490,12,December,2023,15,4
2023-12-16,,0.0,165,340,505,12,December,2023,16,5
2023-12-17,,0.0,9,34,43,12,December,2023,17,6
2023-12-18,,0.0,203,280,483,12,December,2023,18,0
2023-12-19,,0.0,154,307,461,12,December,2023,19,1
2023-12-20,,0.0,163,298,461,12,December,2023,20,2
2023-12-21,,0.0,130,294,424,12,December,2023,21,3
2023-12-22,,0.0,136,314,450,12,December,2023,22,4
2023-12-23,VAIKUNDAM,1.0,177,318,495,12,December,2023,23,5
2023-12-24,,0.0,13,33,46,12,December,2023,24,6
2023-12-25,CHIRSTMAS,0.0,277,351,628,12,December,2023,25,0
2023-12-26,PORNAMI,1.0,202,324,526,12,December,2023,26,1
2023-12-27,,0.0,157,357,514,12,December,2023,27,2
2023-12-28,,0.0,212,347,559,12,December,2023,28,3
2023-12-29,,0.0,185,378,563,12,December,2023,29,4
2023-12-30,,0.0,181,340,521,12,December,2023,30,5
2023-12-31,,0.0,7,41,48,12,December,2023,31,6
